{
  "project_info": {
    "project_number": "20715422228",
    "project_id": "softwarepatterns-8984c",
    "storage_bucket": "softwarepatterns-8984c.appspot.com"
  },
  "client": [
    {
      "client_info": {
        "mobilesdk_app_id": "1:20715422228:android:d93a0725953a6d0c495d01",
        "android_client_info": {
          "package_name": "com.example.softwarepatterns"
        }
      },
      "oauth_client": [],
      "api_key": [
        {
          "current_key": "AIzaSyCghCAsyiX01G-HbF2icQwyB7Bd2pEnFKg"
        }
      ],
      "services": {
        "appinvite_service": {
          "other_platform_oauth_client": []
        }
      }
    }
  ],
  "configuration_version": "1"
}